year,country,gdp,%,country_ukr,gdpu,%_ukr
1992,Albania,2066.211,4.1,Ukraine,6136.614,6.9
1993,Albania,2329.818,4.1,Ukraine,5368.863,6.9
1994,Albania,2656.173,4.1,Ukraine,4269.102,6.9
1995,Albania,2949.167,4.1,Ukraine,3861.047,6.9
1996,Albania,3248.64,4.1,Ukraine,3577.554,6.9
1997,Albania,2964.635,4.1,Ukraine,3553.328,6.9
1998,Albania,3287.405,4.1,Ukraine,3557.193,6.9
1999,Albania,3812.416,4.1,Ukraine,3635.86,6.9
2000,Albania,4184.049,4.1,Ukraine,3975.704,6.9
2001,Albania,4662.758,4.1,Ukraine,4480.447,6.9
2002,Albania,4949.487,4.1,Ukraine,4834.009,6.9
2003,Albania,5357.95,4.1,Ukraine,5442.968,6.9
2004,Albania,5841.979,4.1,Ukraine,6297.662,6.9
2005,Albania,6410.75,4.1,Ukraine,6750.262,6.9
2006,Albania,7010.694,4.1,Ukraine,7530.139,6.9
2007,Albania,7680.078,4.1,Ukraine,8415.153,6.9
2008,Albania,8485.749,4.1,Ukraine,8816.413,6.9
2009,Albania,8896.741,4.1,Ukraine,7568.509,6.9
2010,Albania,9385.744,4.1,Ukraine,7712.059,6.9
2011,Albania,9851.203,4.1,Ukraine,8327.929,6.9
2012,Albania,10190.762,4.1,Ukraine,8516.684,6.9
2013,Albania,10485.118,4.1,Ukraine,9151.217,6.9
2014,Albania,10884.084,4.1,Ukraine,8242.064,6.9
2015,Albania,11300.824,4.1,Ukraine,7518.823,6.9
2016,Albania,11999.71688,4.1,Ukraine,8115.011872,6.9
2017,Albania,12741.83238,4.1,Ukraine,8758.474256,6.9
2018,Albania,13529.84359,4.1,Ukraine,9452.958603,6.9
2019,Albania,14366.58889,4.1,Ukraine,10202.51059,6.9
2020,Albania,15255.08221,4.1,Ukraine,11011.49669,6.9
2021,Albania,16198.52389,4.1,Ukraine,11884.6296,6.9
2022,Albania,17200.31217,4.1,Ukraine,12826.9957,6.9
2023,Albania,18264.05546,4.1,Ukraine,13844.08469,6.9
2024,Albania,19393.58534,4.1,Ukraine,14941.82156,6.9
2025,Albania,20592.97033,4.1,Ukraine,16126.60111,6.9
2026,Albania,21866.53059,4.1,Ukraine,17405.3252,6.9
2027,Albania,23218.85344,4.1,Ukraine,18785.44296,6.9
2028,Albania,24654.80991,4.1,Ukraine,20274.99419,6.9
2029,Albania,26179.57228,4.1,Ukraine,21882.65618,6.9
2030,Albania,27798.63268,4.1,Ukraine,23617.79426,6.9
2031,Albania,29517.82294,4.1,Ukraine,25490.51637,6.9
2032,Albania,31343.33551,4.1,Ukraine,27511.73196,6.9
2033,Albania,33281.74584,4.1,Ukraine,29693.21547,6.9
2034,Albania,35340.03604,4.1,Ukraine,32047.67502,6.9
2035,Albania,37525.61999,4.1,Ukraine,34588.82637,6.9
2036,Albania,39846.37011,4.1,Ukraine,37331.47284,6.9
2037,Albania,42310.64567,4.1,Ukraine,40291.59156,6.9
2038,Albania,44927.32291,4.1,Ukraine,43486.42651,6.9
2039,Albania,47705.82704,4.1,Ukraine,46934.58901,6.9
2040,Albania,50656.16614,4.1,Ukraine,50656.16614,6.9
1992,Bosnia and Herzegovina,n/a,4,Ukraine,6136.614,6.2
1993,Bosnia and Herzegovina,n/a,4,Ukraine,5368.863,6.2
1994,Bosnia and Herzegovina,n/a,4,Ukraine,4269.102,6.2
1995,Bosnia and Herzegovina,n/a,4,Ukraine,3861.047,6.2
1996,Bosnia and Herzegovina,3088.649,4,Ukraine,3577.554,6.2
1997,Bosnia and Herzegovina,3745.398,4,Ukraine,3553.328,6.2
1998,Bosnia and Herzegovina,4429.315,4,Ukraine,3557.193,6.2
1999,Bosnia and Herzegovina,4885.589,4,Ukraine,3635.86,6.2
2000,Bosnia and Herzegovina,5141.396,4,Ukraine,3975.704,6.2
2001,Bosnia and Herzegovina,5358.694,4,Ukraine,4480.447,6.2
2002,Bosnia and Herzegovina,5671.112,4,Ukraine,4834.009,6.2
2003,Bosnia and Herzegovina,5960.29,4,Ukraine,5442.968,6.2
2004,Bosnia and Herzegovina,6456.396,4,Ukraine,6297.662,6.2
2005,Bosnia and Herzegovina,6891.944,4,Ukraine,6750.262,6.2
2006,Bosnia and Herzegovina,7507.576,4,Ukraine,7530.139,6.2
2007,Bosnia and Herzegovina,8174.838,4,Ukraine,8415.153,6.2
2008,Bosnia and Herzegovina,8813.826,4,Ukraine,8816.413,6.2
2009,Bosnia and Herzegovina,8823.552,4,Ukraine,7568.509,6.2
2010,Bosnia and Herzegovina,9016.51,4,Ukraine,7712.059,6.2
2011,Bosnia and Herzegovina,9302.659,4,Ukraine,8327.929,6.2
2012,Bosnia and Herzegovina,9400.895,4,Ukraine,8516.684,6.2
2013,Bosnia and Herzegovina,9798.346,4,Ukraine,9151.217,6.2
2014,Bosnia and Herzegovina,10084.465,4,Ukraine,8242.064,6.2
2015,Bosnia and Herzegovina,10491.799,4,Ukraine,7518.823,6.2
2016,Bosnia and Herzegovina,11098.36919,4,Ukraine,8060.223248,6.2
2017,Bosnia and Herzegovina,11740.00746,4,Ukraine,8640.607554,6.2
2018,Bosnia and Herzegovina,12418.74125,4,Ukraine,9262.783004,6.2
2019,Bosnia and Herzegovina,13136.71519,4,Ukraine,9929.758808,6.2
2020,Bosnia and Herzegovina,13896.19788,4,Ukraine,10644.76086,6.2
2021,Bosnia and Herzegovina,14699.58911,4,Ukraine,11411.24734,6.2
2022,Bosnia and Herzegovina,15549.4274,4,Ukraine,12232.92543,6.2
2023,Bosnia and Herzegovina,16448.39802,4,Ukraine,13113.76927,6.2
2024,Bosnia and Herzegovina,17399.3415,4,Ukraine,14058.03913,6.2
2025,Bosnia and Herzegovina,18405.26258,4,Ukraine,15070.30207,6.2
2026,Bosnia and Herzegovina,19469.33973,4,Ukraine,16155.454,6.2
2027,Bosnia and Herzegovina,20594.93516,4,Ukraine,17318.74336,6.2
2028,Bosnia and Herzegovina,21785.60547,4,Ukraine,18565.79651,6.2
2029,Bosnia and Herzegovina,23045.1129,4,Ukraine,19902.64496,6.2
2030,Bosnia and Herzegovina,24377.43716,4,Ukraine,21335.75449,6.2
2031,Bosnia and Herzegovina,25786.78808,4,Ukraine,22872.05649,6.2
2032,Bosnia and Herzegovina,27277.61886,4,Ukraine,24518.98142,6.2
2033,Bosnia and Herzegovina,28854.64014,4,Ukraine,26284.49481,6.2
2034,Bosnia and Herzegovina,30522.83493,4,Ukraine,28177.13572,6.2
2035,Bosnia and Herzegovina,32287.47431,4,Ukraine,30206.0581,6.2
2036,Bosnia and Herzegovina,34154.13409,4,Ukraine,32381.07504,6.2
2037,Bosnia and Herzegovina,36128.71247,4,Ukraine,34712.70621,6.2
2038,Bosnia and Herzegovina,38217.44861,4,Ukraine,37212.22878,6.2
2039,Bosnia and Herzegovina,40426.94242,4,Ukraine,39891.73192,6.2
2040,Bosnia and Herzegovina,42764.17533,4,Ukraine,42764.17533,6.2
1992,Bulgaria,7439.989,2.6,Ukraine,6136.614,7.7
1993,Bulgaria,6802.592,2.6,Ukraine,5368.863,7.7
1994,Bulgaria,6762.062,2.6,Ukraine,4269.102,7.7
1995,Bulgaria,6858.054,2.6,Ukraine,3861.047,7.7
1996,Bulgaria,6477.179,2.6,Ukraine,3577.554,7.7
1997,Bulgaria,6529.767,2.6,Ukraine,3553.328,7.7
1998,Bulgaria,6970.185,2.6,Ukraine,3557.193,7.7
1999,Bulgaria,7075.35,2.6,Ukraine,3635.86,7.7
2000,Bulgaria,7522.017,2.6,Ukraine,3975.704,7.7
2001,Bulgaria,8282.895,2.6,Ukraine,4480.447,7.7
2002,Bulgaria,8967.661,2.6,Ukraine,4834.009,7.7
2003,Bulgaria,9665.833,2.6,Ukraine,5442.968,7.7
2004,Bulgaria,10637.525,2.6,Ukraine,6297.662,7.7
2005,Bulgaria,11838.732,2.6,Ukraine,6750.262,7.7
2006,Bulgaria,13093.492,2.6,Ukraine,7530.139,7.7
2007,Bulgaria,14547.596,2.6,Ukraine,8415.153,7.7
2008,Bulgaria,15739.985,2.6,Ukraine,8816.413,7.7
2009,Bulgaria,15276.326,2.6,Ukraine,7568.509,7.7
2010,Bulgaria,15592.709,2.6,Ukraine,7712.059,7.7
2011,Bulgaria,16558.624,2.6,Ukraine,8327.929,7.7
2012,Bulgaria,17008.513,2.6,Ukraine,8516.684,7.7
2013,Bulgaria,17613.039,2.6,Ukraine,9151.217,7.7
2014,Bulgaria,18270.913,2.6,Ukraine,8242.064,7.7
2015,Bulgaria,19097.265,2.6,Ukraine,7518.823,7.7
2016,Bulgaria,20005.26356,2.6,Ukraine,8175.52812,7.7
2017,Bulgaria,20956.43382,2.6,Ukraine,8889.590836,7.7
2018,Bulgaria,21952.82843,2.6,Ukraine,9666.020847,7.7
2019,Bulgaria,22996.59761,2.6,Ukraine,10510.2654,7.7
2020,Bulgaria,24089.99384,2.6,Ukraine,11428.24753,7.7
2021,Bulgaria,25235.37668,2.6,Ukraine,12426.40756,7.7
2022,Bulgaria,26435.2179,2.6,Ukraine,13511.74838,7.7
2023,Bulgaria,27692.10677,2.6,Ukraine,14691.88446,7.7
2024,Bulgaria,29008.75568,2.6,Ukraine,15975.09538,7.7
2025,Bulgaria,30388.00598,2.6,Ukraine,17370.38384,7.7
2026,Bulgaria,31832.83411,2.6,Ukraine,18887.53885,7.7
2027,Bulgaria,33346.35804,2.6,Ukraine,20537.20442,7.7
2028,Bulgaria,34931.84398,2.6,Ukraine,22330.95423,7.7
2029,Bulgaria,36592.71344,2.6,Ukraine,24281.37279,7.7
2030,Bulgaria,38332.55059,2.6,Ukraine,26402.1438,7.7
2031,Bulgaria,40155.11004,2.6,Ukraine,28708.14609,7.7
2032,Bulgaria,42064.3249,2.6,Ukraine,31215.55802,7.7
2033,Bulgaria,44064.31529,2.6,Ukraine,33941.97102,7.7
2034,Bulgaria,46159.39723,2.6,Ukraine,36906.51297,7.7
2035,Bulgaria,48354.09193,2.6,Ukraine,40129.98239,7.7
2036,Bulgaria,50653.13558,2.6,Ukraine,43634.9944,7.7
2037,Bulgaria,53061.48957,2.6,Ukraine,47446.13934,7.7
2038,Bulgaria,55584.35115,2.6,Ukraine,51590.15531,7.7
2039,Bulgaria,58227.16471,2.6,Ukraine,56096.11577,7.7
2040,Bulgaria,60995.63348,2.6,Ukraine,60995.63348,7.7
1992,Croatia,8097.401,2,Ukraine,6136.614,7.6
1993,Croatia,7801.084,2,Ukraine,5368.863,7.6
1994,Croatia,8623.483,2,Ukraine,4269.102,7.6
1995,Croatia,9537.931,2,Ukraine,3861.047,7.6
1996,Croatia,10184.642,2,Ukraine,3577.554,7.6
1997,Croatia,10728.243,2,Ukraine,3553.328,7.6
1998,Croatia,11293.668,2,Ukraine,3557.193,7.6
1999,Croatia,11235.563,2,Ukraine,3635.86,7.6
2000,Croatia,12444.109,2,Ukraine,3975.704,7.6
2001,Croatia,13397.308,2,Ukraine,4480.447,7.6
2002,Croatia,14316.598,2,Ukraine,4834.009,7.6
2003,Croatia,15410.135,2,Ukraine,5442.968,7.6
2004,Croatia,15986.611,2,Ukraine,6297.662,7.6
2005,Croatia,17176.382,2,Ukraine,6750.262,7.6
2006,Croatia,18559.646,2,Ukraine,7530.139,7.6
2007,Croatia,20052.848,2,Ukraine,8415.153,7.6
2008,Croatia,20875.524,2,Ukraine,8816.413,7.6
2009,Croatia,19502.97,2,Ukraine,7568.509,7.6
2010,Croatia,19453.626,2,Ukraine,7712.059,7.6
2011,Croatia,20437.793,2,Ukraine,8327.929,7.6
2012,Croatia,20416.19,2,Ukraine,8516.684,7.6
2013,Croatia,20586.204,2,Ukraine,9151.217,7.6
2014,Croatia,20937.455,2,Ukraine,8242.064,7.6
2015,Croatia,21581.431,2,Ukraine,7518.823,7.6
2016,Croatia,22472.03191,2,Ukraine,8166.372412,7.6
2017,Croatia,23399.38525,2,Ukraine,8869.691223,7.6
2018,Croatia,24365.00769,2,Ukraine,9633.582504,7.6
2019,Croatia,25370.47846,2,Ukraine,10463.26298,7.6
2020,Croatia,26417.44199,2,Ukraine,11364.39868,7.6
2021,Croatia,27507.61057,2,Ukraine,12343.14358,7.6
2022,Croatia,28642.76714,2,Ukraine,13406.18169,7.6
2023,Croatia,29824.76821,2,Ukraine,14560.77265,7.6
2024,Croatia,31055.54692,2,Ukraine,15814.80134,7.6
2025,Croatia,32337.11617,2,Ukraine,17176.83171,7.6
2026,Croatia,33671.57194,2,Ukraine,18656.16528,7.6
2027,Croatia,35061.0967,2,Ukraine,20262.90464,7.6
2028,Croatia,36507.96298,2,Ukraine,22008.02246,7.6
2029,Croatia,38014.53709,2,Ukraine,23903.43641,7.6
2030,Croatia,39583.28299,2,Ukraine,25962.09056,7.6
2031,Croatia,41216.76633,2,Ukraine,28198.04378,7.6
2032,Croatia,42917.65863,2,Ukraine,30626.56573,7.6
2033,Croatia,44688.74165,2,Ukraine,33264.24115,7.6
2034,Croatia,46532.91195,2,Ukraine,36129.08313,7.6
2035,Croatia,48453.18563,2,Ukraine,39240.65611,7.6
2036,Croatia,50452.70324,2,Ukraine,42620.20951,7.6
2037,Croatia,52534.73494,2,Ukraine,46290.82279,7.6
2038,Croatia,54702.68585,2,Ukraine,50277.56315,7.6
2039,Croatia,56960.10158,2,Ukraine,54607.65663,7.6
2040,Croatia,59310.6741,2,Ukraine,59310.6741,7.6
1992,Hungary,9901.499,2.1,Ukraine,6136.614,8.8
1993,Hungary,10087.023,2.1,Ukraine,5368.863,8.8
1994,Hungary,10620.719,2.1,Ukraine,4269.102,8.8
1995,Hungary,11132.055,2.1,Ukraine,3861.047,8.8
1996,Hungary,11357.705,2.1,Ukraine,3577.554,8.8
1997,Hungary,11971.029,2.1,Ukraine,3553.328,8.8
1998,Hungary,12636.113,2.1,Ukraine,3557.193,8.8
1999,Hungary,13280.587,2.1,Ukraine,3635.86,8.8
2000,Hungary,14199.891,2.1,Ukraine,3975.704,8.8
2001,Hungary,15115.073,2.1,Ukraine,4480.447,8.8
2002,Hungary,16074.195,2.1,Ukraine,4834.009,8.8
2003,Hungary,17080.301,2.1,Ukraine,5442.968,8.8
2004,Hungary,18462.071,2.1,Ukraine,6297.662,8.8
2005,Hungary,19923.287,2.1,Ukraine,6750.262,8.8
2006,Hungary,21361.554,2.1,Ukraine,7530.139,8.8
2007,Hungary,22047.422,2.1,Ukraine,8415.153,8.8
2008,Hungary,22715.987,2.1,Ukraine,8816.413,8.8
2009,Hungary,21417.07,2.1,Ukraine,7568.509,8.8
2010,Hungary,21876.932,2.1,Ukraine,7712.059,8.8
2011,Hungary,22784.669,2.1,Ukraine,8327.929,8.8
2012,Hungary,22936.521,2.1,Ukraine,8516.684,8.8
2013,Hungary,23806.059,2.1,Ukraine,9151.217,8.8
2014,Hungary,25166.986,2.1,Ukraine,8242.064,8.8
2015,Hungary,26221.99,2.1,Ukraine,7518.823,8.8
2016,Hungary,27403.25153,2.1,Ukraine,8260.131141,8.8
2017,Hungary,28637.72714,2.1,Ukraine,9074.527551,8.8
2018,Hungary,29927.81403,2.1,Ukraine,9969.218268,8.8
2019,Hungary,31276.01741,2.1,Ukraine,10952.1198,8.8
2020,Hungary,32684.95534,2.1,Ukraine,12031.92918,8.8
2021,Hungary,34157.36382,2.1,Ukraine,13218.20089,8.8
2022,Hungary,35696.10211,2.1,Ukraine,14521.43145,8.8
2023,Hungary,37304.15826,2.1,Ukraine,15953.15226,8.8
2024,Hungary,38984.65494,2.1,Ukraine,17526.03164,8.8
2025,Hungary,40740.8555,2.1,Ukraine,19253.98693,8.8
2026,Hungary,42576.17026,2.1,Ukraine,21152.30761,8.8
2027,Hungary,44494.16322,2.1,Ukraine,23237.79065,8.8
2028,Hungary,46498.5589,2.1,Ukraine,25528.88906,8.8
2029,Hungary,48593.24962,2.1,Ukraine,28045.8752,8.8
2030,Hungary,50782.30303,2.1,Ukraine,30811.02017,8.8
2031,Hungary,53069.97003,2.1,Ukraine,33848.79085,8.8
2032,Hungary,55460.69302,2.1,Ukraine,37186.0664,8.8
2033,Hungary,57959.11451,2.1,Ukraine,40852.37611,8.8
2034,Hungary,60570.08616,2.1,Ukraine,44880.16064,8.8
2035,Hungary,63298.67819,2.1,Ukraine,49305.05912,8.8
2036,Hungary,66150.18922,2.1,Ukraine,54166.22445,8.8
2037,Hungary,69130.15657,2.1,Ukraine,59506.66978,8.8
2038,Hungary,72244.367,2.1,Ukraine,65373.64905,8.8
2039,Hungary,75498.86797,2.1,Ukraine,71819.07519,8.8
2040,Hungary,78899.97935,2.1,Ukraine,78899.97935,8.8
1992,FYR Macedonia,6161.432,3.8,Ukraine,6136.614,7.4
1993,FYR Macedonia,5806.697,3.8,Ukraine,5368.863,7.4
1994,FYR Macedonia,5793.918,3.8,Ukraine,4269.102,7.4
1995,FYR Macedonia,5815.137,3.8,Ukraine,3861.047,7.4
1996,FYR Macedonia,5951.004,3.8,Ukraine,3577.554,7.4
1997,FYR Macedonia,6115.319,3.8,Ukraine,3553.328,7.4
1998,FYR Macedonia,6359.935,3.8,Ukraine,3557.193,7.4
1999,FYR Macedonia,6708.337,3.8,Ukraine,3635.86,7.4
2000,FYR Macedonia,7144.755,3.8,Ukraine,3975.704,7.4
2001,FYR Macedonia,7060.259,3.8,Ukraine,4480.447,7.4
2002,FYR Macedonia,7255.595,3.8,Ukraine,4834.009,7.4
2003,FYR Macedonia,7547.113,3.8,Ukraine,5442.968,7.4
2004,FYR Macedonia,8092.694,3.8,Ukraine,6297.662,7.4
2005,FYR Macedonia,8729.152,3.8,Ukraine,6750.262,7.4
2006,FYR Macedonia,9436.011,3.8,Ukraine,7530.139,7.4
2007,FYR Macedonia,10297.871,3.8,Ukraine,8415.153,7.4
2008,FYR Macedonia,11055.824,3.8,Ukraine,8816.413,7.4
2009,FYR Macedonia,11077.648,3.8,Ukraine,7568.509,7.4
2010,FYR Macedonia,11563.91,3.8,Ukraine,7712.059,7.4
2011,FYR Macedonia,12064.072,3.8,Ukraine,8327.929,7.4
2012,FYR Macedonia,12215.432,3.8,Ukraine,8516.684,7.4
2013,FYR Macedonia,12756.223,3.8,Ukraine,9151.217,7.4
2014,FYR Macedonia,13402.267,3.8,Ukraine,8242.064,7.4
2015,FYR Macedonia,14009.137,3.8,Ukraine,7518.823,7.4
2016,FYR Macedonia,14818.25853,3.8,Ukraine,8153.538141,7.4
2017,FYR Macedonia,15674.11224,3.8,Ukraine,8841.833916,7.4
2018,FYR Macedonia,16579.39724,3.8,Ukraine,9588.233433,7.4
2019,FYR Macedonia,17536.96852,3.8,Ukraine,10397.64163,7.4
2020,FYR Macedonia,18549.84595,3.8,Ukraine,11275.37748,7.4
2021,FYR Macedonia,19621.22384,3.8,Ukraine,12227.20901,7.4
2022,FYR Macedonia,20754.48098,3.8,Ukraine,13259.39114,7.4
2023,FYR Macedonia,21953.19132,3.8,Ukraine,14378.7068,7.4
2024,FYR Macedonia,23221.13521,3.8,Ukraine,15592.51152,7.4
2025,FYR Macedonia,24562.31135,3.8,Ukraine,16908.78179,7.4
2026,FYR Macedonia,25980.94941,3.8,Ukraine,18336.16741,7.4
2027,FYR Macedonia,27481.52331,3.8,Ukraine,19884.04838,7.4
2028,FYR Macedonia,29068.76541,3.8,Ukraine,21562.59655,7.4
2029,FYR Macedonia,30747.68138,3.8,Ukraine,23382.84241,7.4
2030,FYR Macedonia,32523.566,3.8,Ukraine,25356.74765,7.4
2031,FYR Macedonia,34402.01985,3.8,Ukraine,27497.2837,7.4
2032,FYR Macedonia,36388.96699,3.8,Ukraine,29818.51699,7.4
2033,FYR Macedonia,38490.67365,3.8,Ukraine,32335.70143,7.4
2034,FYR Macedonia,40713.76795,3.8,Ukraine,35065.37857,7.4
2035,FYR Macedonia,43065.26084,3.8,Ukraine,38025.48638,7.4
2036,FYR Macedonia,45552.5682,3.8,Ukraine,41235.47708,7.4
2037,FYR Macedonia,48183.53422,3.8,Ukraine,44716.445,7.4
2038,FYR Macedonia,50966.45616,3.8,Ukraine,48491.26516,7.4
2039,FYR Macedonia,53910.11049,3.8,Ukraine,52584.74365,7.4
2040,FYR Macedonia,57023.78057,3.8,Ukraine,57023.78057,7.4
1992,Montenegro,n/a,4.2,Ukraine,6136.614,8.7
1993,Montenegro,n/a,4.2,Ukraine,5368.863,8.7
1994,Montenegro,n/a,4.2,Ukraine,4269.102,8.7
1995,Montenegro,n/a,4.2,Ukraine,3861.047,8.7
1996,Montenegro,n/a,4.2,Ukraine,3577.554,8.7
1997,Montenegro,n/a,4.2,Ukraine,3553.328,8.7
1998,Montenegro,n/a,4.2,Ukraine,3557.193,8.7
1999,Montenegro,n/a,4.2,Ukraine,3635.86,8.7
2000,Montenegro,7778.577,4.2,Ukraine,3975.704,8.7
2001,Montenegro,8013.343,4.2,Ukraine,4480.447,8.7
2002,Montenegro,8288.518,4.2,Ukraine,4834.009,8.7
2003,Montenegro,8662.587,4.2,Ukraine,5442.968,8.7
2004,Montenegro,9289.708,4.2,Ukraine,6297.662,8.7
2005,Montenegro,9988.373,4.2,Ukraine,6750.262,8.7
2006,Montenegro,11177.403,4.2,Ukraine,7530.139,8.7
2007,Montenegro,12698.908,4.2,Ukraine,8415.153,8.7
2008,Montenegro,13816.883,4.2,Ukraine,8816.413,8.7
2009,Montenegro,13100.133,4.2,Ukraine,7568.509,8.7
2010,Montenegro,13562.042,4.2,Ukraine,7712.059,8.7
2011,Montenegro,14273.414,4.2,Ukraine,8327.929,8.7
2012,Montenegro,14129.008,4.2,Ukraine,8516.684,8.7
2013,Montenegro,14854.579,4.2,Ukraine,9151.217,8.7
2014,Montenegro,15353.089,4.2,Ukraine,8242.064,8.7
2015,Montenegro,16123.142,4.2,Ukraine,7518.823,8.7
2016,Montenegro,17164.89795,4.2,Ukraine,8252.649508,8.7
2017,Montenegro,18273.96433,4.2,Ukraine,9058.096447,8.7
2018,Montenegro,19454.69021,4.2,Ukraine,9942.153869,8.7
2019,Montenegro,20711.70571,4.2,Ukraine,10912.49405,8.7
2020,Montenegro,22049.94008,4.2,Ukraine,11977.53806,8.7
2021,Montenegro,23474.64107,4.2,Ukraine,13146.52886,8.7
2022,Montenegro,24991.3955,4.2,Ukraine,14429.61151,8.7
2023,Montenegro,26606.15118,4.2,Ukraine,15837.92122,8.7
2024,Montenegro,28325.2402,4.2,Ukraine,17383.67997,8.7
2025,Montenegro,30155.4038,4.2,Ukraine,19080.30259,8.7
2026,Montenegro,32103.81878,4.2,Ukraine,20942.51318,8.7
2027,Montenegro,34178.12566,4.2,Ukraine,22986.47289,8.7
2028,Montenegro,36386.45862,4.2,Ukraine,25229.92019,8.7
2029,Montenegro,38737.47742,4.2,Ukraine,27692.32477,8.7
2030,Montenegro,41240.40133,4.2,Ukraine,30395.05656,8.7
2031,Montenegro,43905.04534,4.2,Ukraine,33361.57117,8.7
2032,Montenegro,46741.85856,4.2,Ukraine,36617.6134,8.7
2033,Montenegro,49761.96527,4.2,Ukraine,40191.44077,8.7
2034,Montenegro,52977.20853,4.2,Ukraine,44114.06863,8.7
2035,Montenegro,56400.19658,4.2,Ukraine,48419.53944,8.7
2036,Montenegro,60044.35233,4.2,Ukraine,53145.21812,8.7
2037,Montenegro,63923.96596,4.2,Ukraine,58332.11636,8.7
2038,Montenegro,68054.251,4.2,Ukraine,64025.24855,8.7
2039,Montenegro,72451.40393,4.2,Ukraine,70274.0224,8.7
2040,Montenegro,77132.66776,4.2,Ukraine,77132.66776,8.7
1992,Poland,6552.337,3.5,Ukraine,6136.614,10.1
1993,Poland,6974.894,3.5,Ukraine,5368.863,10.1
1994,Poland,7480.978,3.5,Ukraine,4269.102,10.1
1995,Poland,8150.862,3.5,Ukraine,3861.047,10.1
1996,Poland,8810.866,3.5,Ukraine,3577.554,10.1
1997,Poland,9589.353,3.5,Ukraine,3553.328,10.1
1998,Poland,10170.865,3.5,Ukraine,3557.193,10.1
1999,Poland,10791.763,3.5,Ukraine,3635.86,10.1
2000,Poland,11628.873,3.5,Ukraine,3975.704,10.1
2001,Poland,12040.196,3.5,Ukraine,4480.447,10.1
2002,Poland,12405.311,3.5,Ukraine,4834.009,10.1
2003,Poland,13111.532,3.5,Ukraine,5442.968,10.1
2004,Poland,14174.319,3.5,Ukraine,6297.662,10.1
2005,Poland,15155.94,3.5,Ukraine,6750.262,10.1
2006,Poland,16596.339,3.5,Ukraine,7530.139,10.1
2007,Poland,18280.105,3.5,Ukraine,8415.153,10.1
2008,Poland,19374.399,3.5,Ukraine,8816.413,10.1
2009,Poland,20025.136,3.5,Ukraine,7568.509,10.1
2010,Poland,21082.026,3.5,Ukraine,7712.059,10.1
2011,Poland,22571.272,3.5,Ukraine,8327.929,10.1
2012,Poland,23345.41,3.5,Ukraine,8516.684,10.1
2013,Poland,24026.826,3.5,Ukraine,9151.217,10.1
2014,Poland,25265.413,3.5,Ukraine,8242.064,10.1
2015,Poland,26455.273,3.5,Ukraine,7518.823,10.1
2016,Poland,27969.73317,3.5,Ukraine,8359.502508,10.1
2017,Poland,29570.89022,3.5,Ukraine,9294.178382,10.1
2018,Poland,31263.7072,3.5,Ukraine,10333.36035,10.1
2019,Poland,33053.43128,3.5,Ukraine,11488.73325,10.1
2020,Poland,34945.61002,3.5,Ukraine,12773.28837,10.1
2021,Poland,36946.10854,3.5,Ukraine,14201.46959,10.1
2022,Poland,39061.12772,3.5,Ukraine,15789.33573,10.1
2023,Poland,41297.22342,3.5,Ukraine,17554.74117,10.1
2024,Poland,43661.32678,3.5,Ukraine,19517.53657,10.1
2025,Poland,46160.76575,3.5,Ukraine,21699.79209,10.1
2026,Poland,48803.28776,3.5,Ukraine,24126.04558,10.1
2027,Poland,51597.08374,3.5,Ukraine,26823.57845,10.1
2028,Poland,54550.81354,3.5,Ukraine,29822.72243,10.1
2029,Poland,57673.63273,3.5,Ukraine,33157.20066,10.1
2030,Poland,60975.22102,3.5,Ukraine,36864.50686,10.1
2031,Poland,64465.81224,3.5,Ukraine,40986.32693,10.1
2032,Poland,68156.22605,3.5,Ukraine,45569.00764,10.1
2033,Poland,72057.90152,3.5,Ukraine,50664.07783,10.1
2034,Poland,76182.93253,3.5,Ukraine,56328.82776,10.1
2035,Poland,80544.10533,3.5,Ukraine,62626.95331,10.1
2036,Poland,85154.93808,3.5,Ukraine,69629.27219,10.1
2037,Poland,90029.72285,3.5,Ukraine,77414.52027,10.1
2038,Poland,95183.56985,3.5,Ukraine,86070.23684,10.1
2039,Poland,100632.4543,3.5,Ukraine,95693.74898,10.1
2040,Poland,106393.2659,3.5,Ukraine,106393.2659,10.1
1992,Romania,6208.249,3.3,Ukraine,6136.614,8.7
1993,Romania,6488.575,3.3,Ukraine,5368.863,8.7
1994,Romania,6929.503,3.3,Ukraine,4269.102,8.7
1995,Romania,7624.227,3.3,Ukraine,3861.047,8.7
1996,Romania,8115.006,3.3,Ukraine,3577.554,8.7
1997,Romania,7795.73,3.3,Ukraine,3553.328,8.7
1998,Romania,7538.446,3.3,Ukraine,3557.193,8.7
1999,Romania,7601.822,3.3,Ukraine,3635.86,8.7
2000,Romania,8009.999,3.3,Ukraine,3975.704,8.7
2001,Romania,8661.023,3.3,Ukraine,4480.447,8.7
2002,Romania,9510.3,3.3,Ukraine,4834.009,8.7
2003,Romania,10314.96,3.3,Ukraine,5442.968,8.7
2004,Romania,11541.291,3.3,Ukraine,6297.662,8.7
2005,Romania,12490.085,3.3,Ukraine,6750.262,8.7
2006,Romania,13993,3.3,Ukraine,7530.139,8.7
2007,Romania,15443.25,3.3,Ukraine,8415.153,8.7
2008,Romania,17487.824,3.3,Ukraine,8816.413,8.7
2009,Romania,16531.789,3.3,Ukraine,7568.509,8.7
2010,Romania,16719.255,3.3,Ukraine,7712.059,8.7
2011,Romania,17326.256,3.3,Ukraine,8327.929,8.7
2012,Romania,17849.638,3.3,Ukraine,8516.684,8.7
2013,Romania,18852.468,3.3,Ukraine,9151.217,8.7
2014,Romania,19801.193,3.3,Ukraine,8242.064,8.7
2015,Romania,20786.859,3.3,Ukraine,7518.823,8.7
2016,Romania,21912.39944,3.3,Ukraine,8254.988785,8.7
2017,Romania,23098.88422,3.3,Ukraine,9063.232348,8.7
2018,Romania,24349.61327,3.3,Ukraine,9950.610806,8.7
2019,Romania,25668.06521,3.3,Ukraine,10924.87223,8.7
2020,Romania,27057.90701,3.3,Ukraine,11994.52331,8.7
2021,Romania,28523.0042,3.3,Ukraine,13168.90362,8.7
2022,Romania,30067.43161,3.3,Ukraine,14458.26716,8.7
2023,Romania,31695.48472,3.3,Ukraine,15873.87192,8.7
2024,Romania,33411.69158,3.3,Ukraine,17428.07812,8.7
2025,Romania,35220.82542,3.3,Ukraine,19134.45621,8.7
2026,Romania,37127.91795,3.3,Ukraine,21007.90528,8.7
2027,Romania,39138.2733,3.3,Ukraine,23064.78321,8.7
2028,Romania,41257.48283,3.3,Ukraine,25323.04946,8.7
2029,Romania,43491.44062,3.3,Ukraine,27802.42191,8.7
2030,Romania,45846.35991,3.3,Ukraine,30524.549,8.7
2031,Romania,48328.79039,3.3,Ukraine,33513.19876,8.7
2032,Romania,50945.63636,3.3,Ukraine,36794.46635,8.7
2033,Romania,53704.17599,3.3,Ukraine,40397.00191,8.7
2034,Romania,56612.08151,3.3,Ukraine,44352.26068,8.7
2035,Romania,59677.44061,3.3,Ukraine,48694.77769,8.7
2036,Romania,62908.77888,3.3,Ukraine,53462.46929,8.7
2037,Romania,66315.08355,3.3,Ukraine,58696.96419,8.7
2038,Romania,69905.82849,3.3,Ukraine,64443.96697,8.7
2039,Romania,73691.00052,3.3,Ukraine,70753.65713,8.7
2040,Romania,77681.12723,3.3,Ukraine,77681.12723,8.7
1992,Serbia,n/a,4,Ukraine,6136.614,7.7
1993,Serbia,n/a,4,Ukraine,5368.863,7.7
1994,Serbia,n/a,4,Ukraine,4269.102,7.7
1995,Serbia,n/a,4,Ukraine,3861.047,7.7
1996,Serbia,n/a,4,Ukraine,3577.554,7.7
1997,Serbia,n/a,4,Ukraine,3553.328,7.7
1998,Serbia,n/a,4,Ukraine,3557.193,7.7
1999,Serbia,n/a,4,Ukraine,3635.86,7.7
2000,Serbia,6165.361,4,Ukraine,3975.704,7.7
2001,Serbia,6632.1,4,Ukraine,4480.447,7.7
2002,Serbia,7216.358,4,Ukraine,4834.009,7.7
2003,Serbia,7705.207,4,Ukraine,5442.968,7.7
2004,Serbia,8653.482,4,Ukraine,6297.662,7.7
2005,Serbia,9455.118,4,Ukraine,6750.262,7.7
2006,Serbia,10263.888,4,Ukraine,7530.139,7.7
2007,Serbia,11202.834,4,Ukraine,8415.153,7.7
2008,Serbia,12086.953,4,Ukraine,8816.413,7.7
2009,Serbia,11846.666,4,Ukraine,7568.509,7.7
2010,Serbia,12110.079,4,Ukraine,7712.059,7.7
2011,Serbia,12628.403,4,Ukraine,8327.929,7.7
2012,Serbia,12792.367,4,Ukraine,8516.684,7.7
2013,Serbia,13400.272,4,Ukraine,9151.217,7.7
2014,Serbia,13436.159,4,Ukraine,8242.064,7.7
2015,Serbia,13671.426,4,Ukraine,7518.823,7.7
2016,Serbia,14510.80684,4,Ukraine,8173.614754,7.7
2017,Serbia,15401.72291,4,Ukraine,8885.430359,7.7
2018,Serbia,16347.33832,4,Ukraine,9659.235851,7.7
2019,Serbia,17351.01142,4,Ukraine,10500.42974,7.7
2020,Serbia,18416.30676,4,Ukraine,11414.88069,7.7
2021,Serbia,19547.00775,4,Ukraine,12408.96843,7.7
2022,Serbia,20747.13009,4,Ukraine,13489.62829,7.7
2023,Serbia,22020.93601,4,Ukraine,14664.39957,7.7
2024,Serbia,23372.94945,4,Ukraine,15941.47817,7.7
2025,Serbia,24807.97209,4,Ukraine,17329.77371,7.7
2026,Serbia,26331.10043,4,Ukraine,18838.97175,7.7
2027,Serbia,27947.74387,4,Ukraine,20479.60132,7.7
2028,Serbia,29663.64392,4,Ukraine,22263.1084,7.7
2029,Serbia,31484.89463,4,Ukraine,24201.93577,7.7
2030,Serbia,33417.96417,4,Ukraine,26309.6098,7.7
2031,Serbia,35469.71786,4,Ukraine,28600.83484,7.7
2032,Serbia,37647.44251,4,Ukraine,31091.59581,7.7
2033,Serbia,39958.87233,4,Ukraine,33799.26967,7.7
2034,Serbia,42412.21638,4,Ukraine,36742.74674,7.7
2035,Serbia,45016.18774,4,Ukraine,39942.5624,7.7
2036,Serbia,47780.03441,4,Ukraine,43421.04042,7.7
2037,Serbia,50713.57223,4,Ukraine,47202.44865,7.7
2038,Serbia,53827.21968,4,Ukraine,51313.1684,7.7
2039,Serbia,57132.0349,4,Ukraine,55781.8784,7.7
2040,Serbia,60639.75496,4,Ukraine,60639.75496,7.7
1992,Turkey,7727.586,3.5,Ukraine,6136.614,9.4
1993,Turkey,8407.804,3.5,Ukraine,5368.863,9.4
1994,Turkey,7984.792,3.5,Ukraine,4269.102,9.4
1995,Turkey,8574.504,3.5,Ukraine,3861.047,9.4
1996,Turkey,9170.303,3.5,Ukraine,3577.554,9.4
1997,Turkey,9846.554,3.5,Ukraine,3553.328,9.4
1998,Turkey,9794.076,3.5,Ukraine,3557.193,9.4
1999,Turkey,9472.829,3.5,Ukraine,3635.86,9.4
2000,Turkey,10199.029,3.5,Ukraine,3975.704,9.4
2001,Turkey,9701.731,3.5,Ukraine,4480.447,9.4
2002,Turkey,10325.232,3.5,Ukraine,4834.009,9.4
2003,Turkey,10954.16,3.5,Ukraine,5442.968,9.4
2004,Turkey,12162.809,3.5,Ukraine,6297.662,9.4
2005,Turkey,13442.626,3.5,Ukraine,6750.262,9.4
2006,Turkey,14627.009,3.5,Ukraine,7530.139,9.4
2007,Turkey,15523.935,3.5,Ukraine,8415.153,9.4
2008,Turkey,15732.27,3.5,Ukraine,8816.413,9.4
2009,Turkey,14880.055,3.5,Ukraine,7568.509,9.4
2010,Turkey,16193.129,3.5,Ukraine,7712.059,9.4
2011,Turkey,17715.247,3.5,Ukraine,8327.929,9.4
2012,Turkey,18192.076,3.5,Ukraine,8516.684,9.4
2013,Turkey,19041.13,3.5,Ukraine,9151.217,9.4
2014,Turkey,19698.302,3.5,Ukraine,8242.064,9.4
2015,Turkey,20437.787,3.5,Ukraine,7518.823,9.4
2016,Turkey,21689.11116,3.5,Ukraine,8304.79865,9.4
2017,Turkey,23017.0489,3.5,Ukraine,9172.935792,9.4
2018,Turkey,24426.29097,3.5,Ukraine,10131.82313,9.4
2019,Turkey,25921.81532,3.5,Ukraine,11190.94718,9.4
2020,Turkey,27508.90465,3.5,Ukraine,12360.78613,9.4
2021,Turkey,29193.16513,3.5,Ukraine,13652.91348,9.4
2022,Turkey,30980.54616,3.5,Ukraine,15080.1126,9.4
2023,Turkey,32877.3614,3.5,Ukraine,16656.50312,9.4
2024,Turkey,34890.31107,3.5,Ukraine,18397.68068,9.4
2025,Turkey,37026.50561,3.5,Ukraine,20320.87119,9.4
2026,Turkey,39293.49083,3.5,Ukraine,22445.10126,9.4
2027,Turkey,41699.2745,3.5,Ukraine,24791.38645,9.4
2028,Turkey,44252.35471,3.5,Ukraine,27382.93915,9.4
2029,Turkey,46961.74984,3.5,Ukraine,30245.39826,9.4
2030,Turkey,49837.03042,3.5,Ukraine,33407.08281,9.4
2031,Turkey,52888.35296,3.5,Ukraine,36899.27216,9.4
2032,Turkey,56126.4958,3.5,Ukraine,40756.51543,9.4
2033,Turkey,59562.89721,3.5,Ukraine,45016.97331,9.4
2034,Turkey,63209.69577,3.5,Ukraine,49722.7956,9.4
2035,Turkey,67079.77325,3.5,Ukraine,54920.53819,9.4
2036,Turkey,71186.80014,3.5,Ukraine,60661.62369,9.4
2037,Turkey,75545.2839,3.5,Ukraine,67002.85011,9.4
2038,Turkey,80170.62023,3.5,Ukraine,74006.95283,9.4
2039,Turkey,85079.14746,3.5,Ukraine,81743.22523,9.4
2040,Turkey,90288.20421,3.5,Ukraine,90288.20421,9.4
1992,Armenia,1416.267,4,Ukraine,6136.614,5.6
1993,Armenia,1275.764,4,Ukraine,5368.863,5.6
1994,Armenia,1406.668,4,Ukraine,4269.102,5.6
1995,Armenia,1585.081,4,Ukraine,3861.047,5.6
1996,Armenia,1724.217,4,Ukraine,3577.554,5.6
1997,Armenia,1830.466,4,Ukraine,3553.328,5.6
1998,Armenia,1985.333,4,Ukraine,3557.193,5.6
1999,Armenia,2093.078,4,Ukraine,3635.86,5.6
2000,Armenia,2273.346,4,Ukraine,3975.704,5.6
2001,Armenia,2561.94,4,Ukraine,4480.447,5.6
2002,Armenia,2996.233,4,Ukraine,4834.009,5.6
2003,Armenia,3496.872,4,Ukraine,5442.968,5.6
2004,Armenia,3982.419,4,Ukraine,6297.662,5.6
2005,Armenia,4721.849,4,Ukraine,6750.262,5.6
2006,Armenia,5527.642,4,Ukraine,7530.139,5.6
2007,Armenia,6476.547,4,Ukraine,8415.153,5.6
2008,Armenia,7086.088,4,Ukraine,8816.413,5.6
2009,Armenia,6150.25,4,Ukraine,7568.509,5.6
2010,Armenia,6383.84,4,Ukraine,7712.059,5.6
2011,Armenia,6821.834,4,Ukraine,8327.929,5.6
2012,Armenia,7418.098,4,Ukraine,8516.684,5.6
2013,Armenia,7761.677,4,Ukraine,9151.217,5.6
2014,Armenia,8153.611,4,Ukraine,8242.064,5.6
2015,Armenia,8467.949,4,Ukraine,7518.823,5.6
2016,Armenia,8987.779378,4,Ukraine,8018.426741,5.6
2017,Armenia,9539.521098,4,Ukraine,8551.227686,5.6
2018,Armenia,10125.13313,4,Ukraine,9119.431692,5.6
2019,Armenia,10746.69472,4,Ukraine,9725.391188,5.6
2020,Armenia,11406.41272,4,Ukraine,10371.61491,5.6
2021,Armenia,12106.62948,4,Ukraine,11060.77831,5.6
2022,Armenia,12849.83114,4,Ukraine,11795.7346,5.6
2023,Armenia,13638.65646,4,Ukraine,12579.52658,5.6
2024,Armenia,14475.90618,4,Ukraine,13415.39923,5.6
2025,Armenia,15364.55298,4,Ukraine,14306.81317,5.6
2026,Armenia,16307.75202,4,Ukraine,15257.45896,5.6
2027,Armenia,17308.85216,4,Ukraine,16271.27237,5.6
2028,Armenia,18371.40782,4,Ukraine,17352.4507,5.6
2029,Armenia,19499.19164,4,Ukraine,18505.47017,5.6
2030,Armenia,20696.20785,4,Ukraine,19735.1044,5.6
2031,Armenia,21966.70647,4,Ukraine,21046.44422,5.6
2032,Armenia,23315.19845,4,Ukraine,22444.91873,5.6
2033,Armenia,24746.47165,4,Ukraine,23936.31776,5.6
2034,Armenia,26265.60783,4,Ukraine,25526.81589,5.6
2035,Armenia,27878.00073,4,Ukraine,27222.99796,5.6
2036,Armenia,29589.37519,4,Ukraine,29031.88635,5.6
2037,Armenia,31405.80749,4,Ukraine,30960.97007,5.6
2038,Armenia,33333.74692,4,Ukraine,33018.23574,5.6
2039,Armenia,35380.03868,4,Ukraine,35212.20069,5.6
2040,Armenia,37551.94818,4,Ukraine,37551.94818,5.6
1992,Azerbaijan,4558.267,1.8,Ukraine,6136.614,8.6
1993,Azerbaijan,3575.253,1.8,Ukraine,5368.863,8.6
1994,Azerbaijan,2890.551,1.8,Ukraine,4269.102,8.6
1995,Azerbaijan,2523.507,1.8,Ukraine,3861.047,8.6
1996,Azerbaijan,2622.105,1.8,Ukraine,3577.554,8.6
1997,Azerbaijan,2876.149,1.8,Ukraine,3553.328,8.6
1998,Azerbaijan,3052.798,1.8,Ukraine,3557.193,8.6
1999,Azerbaijan,3408.369,1.8,Ukraine,3635.86,8.6
2000,Azerbaijan,3647.118,1.8,Ukraine,3975.704,8.6
2001,Azerbaijan,3926.477,1.8,Ukraine,4480.447,8.6
2002,Azerbaijan,4262.121,1.8,Ukraine,4834.009,8.6
2003,Azerbaijan,4748.619,1.8,Ukraine,5442.968,8.6
2004,Azerbaijan,5317.037,1.8,Ukraine,6297.662,8.6
2005,Azerbaijan,6860.604,1.8,Ukraine,6750.262,8.6
2006,Azerbaijan,9407.498,1.8,Ukraine,7530.139,8.6
2007,Azerbaijan,11942.263,1.8,Ukraine,8415.153,8.6
2008,Azerbaijan,13347.833,1.8,Ukraine,8816.413,8.6
2009,Azerbaijan,14568.159,1.8,Ukraine,7568.509,8.6
2010,Azerbaijan,15354.586,1.8,Ukraine,7712.059,8.6
2011,Azerbaijan,15561.818,1.8,Ukraine,8327.929,8.6
2012,Azerbaijan,16062.834,1.8,Ukraine,8516.684,8.6
2013,Azerbaijan,17134.988,1.8,Ukraine,9151.217,8.6
2014,Azerbaijan,17762.043,1.8,Ukraine,8242.064,8.6
2015,Azerbaijan,17993.433,1.8,Ukraine,7518.823,8.6
2016,Azerbaijan,19043.27064,1.8,Ukraine,8240.165543,8.6
2017,Azerbaijan,20154.3617,1.8,Ukraine,9030.712409,8.6
2018,Azerbaijan,21330.28002,1.8,Ukraine,9897.10294,8.6
2019,Azerbaijan,22574.80801,1.8,Ukraine,10846.61344,8.6
2020,Azerbaijan,23891.94873,1.8,Ukraine,11887.2183,8.6
2021,Azerbaijan,25285.93881,1.8,Ukraine,13027.65694,8.6
2022,Azerbaijan,26761.26208,1.8,Ukraine,14277.50724,8.6
2023,Azerbaijan,28322.66397,1.8,Ukraine,15647.26596,8.6
2024,Azerbaijan,29975.1668,1.8,Ukraine,17148.4369,8.6
2025,Azerbaijan,31724.08589,1.8,Ukraine,18793.62752,8.6
2026,Azerbaijan,33575.04671,1.8,Ukraine,20596.65481,8.6
2027,Azerbaijan,35534.00296,1.8,Ukraine,22572.66134,8.6
2028,Azerbaijan,37607.25568,1.8,Ukraine,24738.24243,8.6
2029,Azerbaijan,39801.47358,1.8,Ukraine,27111.58553,8.6
2030,Azerbaijan,42123.71444,1.8,Ukraine,29712.62296,8.6
2031,Azerbaijan,44581.44783,1.8,Ukraine,32563.19931,8.6
2032,Azerbaijan,47182.57915,1.8,Ukraine,35687.25489,8.6
2033,Azerbaijan,49935.47504,1.8,Ukraine,39111.02683,8.6
2034,Azerbaijan,52848.9903,1.8,Ukraine,42863.26938,8.6
2035,Azerbaijan,55932.49634,1.8,Ukraine,46975.49541,8.6
2036,Azerbaijan,59195.9114,1.8,Ukraine,51482.24112,8.6
2037,Azerbaijan,62649.73237,1.8,Ukraine,56421.35602,8.6
2038,Azerbaijan,66305.0686,1.8,Ukraine,61834.32085,8.6
2039,Azerbaijan,70173.67761,1.8,Ukraine,67766.59592,8.6
2040,Azerbaijan,74268.00293,1.8,Ukraine,74268.00293,8.6
1992,Belarus,4965.782,1.2,Ukraine,6136.614,6.7
1993,Belarus,4686.985,1.2,Ukraine,5368.863,6.7
1994,Belarus,4231.654,1.2,Ukraine,4269.102,6.7
1995,Belarus,3860.322,1.2,Ukraine,3861.047,6.7
1996,Belarus,4049.69,1.2,Ukraine,3577.554,6.7
1997,Belarus,4609.88,1.2,Ukraine,3553.328,6.7
1998,Belarus,5082.008,1.2,Ukraine,3557.193,6.7
1999,Belarus,5342.652,1.2,Ukraine,3635.86,6.7
2000,Belarus,5793.871,1.2,Ukraine,3975.704,6.7
2001,Belarus,6225.864,1.2,Ukraine,4480.447,6.7
2002,Belarus,6678.542,1.2,Ukraine,4834.009,6.7
2003,Belarus,7337.878,1.2,Ukraine,5442.968,6.7
2004,Belarus,8460.565,1.2,Ukraine,6297.662,6.7
2005,Belarus,9619.161,1.2,Ukraine,6750.262,6.7
2006,Belarus,10980.505,1.2,Ukraine,7530.139,6.7
2007,Belarus,12317.281,1.2,Ukraine,8415.153,6.7
2008,Belarus,13905.298,1.2,Ukraine,8816.413,6.7
2009,Belarus,14072.162,1.2,Ukraine,7568.509,6.7
2010,Belarus,15369.313,1.2,Ukraine,7712.059,6.7
2011,Belarus,16589.38,1.2,Ukraine,8327.929,6.7
2012,Belarus,17216.546,1.2,Ukraine,8516.684,6.7
2013,Belarus,17678.236,1.2,Ukraine,9151.217,6.7
2014,Belarus,18246.245,1.2,Ukraine,8242.064,6.7
2015,Belarus,17654.167,1.2,Ukraine,7518.823,6.7
2016,Belarus,18375.91097,1.2,Ukraine,8098.030416,6.7
2017,Belarus,19127.16154,1.2,Ukraine,8721.856682,6.7
2018,Belarus,19909.125,1.2,Ukraine,9393.73898,6.7
2019,Belarus,20723.05697,1.2,Ukraine,10117.37927,6.7
2020,Belarus,21570.2644,1.2,Ukraine,10896.7647,6.7
2021,Belarus,22452.10767,1.2,Ukraine,11736.18956,6.7
2022,Belarus,23370.00277,1.2,Ukraine,12640.27894,6.7
2023,Belarus,24325.42358,1.2,Ukraine,13614.01424,6.7
2024,Belarus,25319.90425,1.2,Ukraine,14662.76056,6.7
2025,Belarus,26355.04164,1.2,Ukraine,15792.29635,6.7
2026,Belarus,27432.49788,1.2,Ukraine,17008.84516,6.7
2027,Belarus,28554.00308,1.2,Ukraine,18319.10998,6.7
2028,Belarus,29721.35805,1.2,Ukraine,19730.31016,6.7
2029,Belarus,30936.43724,1.2,Ukraine,21250.22118,6.7
2030,Belarus,32201.19174,1.2,Ukraine,22887.21752,6.7
2031,Belarus,33517.65238,1.2,Ukraine,24650.31875,6.7
2032,Belarus,34887.93304,1.2,Ukraine,26549.2393,6.7
2033,Belarus,36314.234,1.2,Ukraine,28594.44189,6.7
2034,Belarus,37798.84551,1.2,Ukraine,30797.19527,6.7
2035,Belarus,39344.15143,1.2,Ukraine,33169.63626,6.7
2036,Belarus,40952.63311,1.2,Ukraine,35724.83664,6.7
2037,Belarus,42626.87331,1.2,Ukraine,38476.87513,6.7
2038,Belarus,44369.56039,1.2,Ukraine,41440.91504,6.7
2039,Belarus,46183.49264,1.2,Ukraine,44633.28774,6.7
2040,Belarus,48071.58271,1.2,Ukraine,48071.58271,6.7
1992,Georgia,n/a,5,Ukraine,6136.614,7.2
1993,Georgia,n/a,5,Ukraine,5368.863,7.2
1994,Georgia,1537.507,5,Ukraine,4269.102,7.2
1995,Georgia,1655.963,5,Ukraine,3861.047,7.2
1996,Georgia,1910.947,5,Ukraine,3577.554,7.2
1997,Georgia,2203.763,5,Ukraine,3553.328,7.2
1998,Georgia,2319.006,5,Ukraine,3557.193,7.2
1999,Georgia,2443.223,5,Ukraine,3635.86,7.2
2000,Georgia,2567.096,5,Ukraine,3975.704,7.2
2001,Georgia,2770.522,5,Ukraine,4480.447,7.2
2002,Georgia,2990.347,5,Ukraine,4834.009,7.2
2003,Georgia,3432.625,5,Ukraine,5442.968,7.2
2004,Georgia,3778.259,5,Ukraine,6297.662,7.2
2005,Georgia,4328.042,5,Ukraine,6750.262,7.2
2006,Georgia,4944.11,5,Ukraine,7530.139,7.2
2007,Georgia,5788.621,5,Ukraine,8415.153,7.2
2008,Georgia,6124.74,5,Ukraine,8816.413,7.2
2009,Georgia,6025.587,5,Ukraine,7568.509,7.2
2010,Georgia,6568.292,5,Ukraine,7712.059,7.2
2011,Georgia,7286.867,5,Ukraine,8327.929,7.2
2012,Georgia,8002.44,5,Ukraine,8516.684,7.2
2013,Georgia,8527.274,5,Ukraine,9151.217,7.2
2014,Georgia,9198.169,5,Ukraine,8242.064,7.2
2015,Georgia,9629.961,5,Ukraine,7518.823,7.2
2016,Georgia,10321.49881,5,Ukraine,8138.925751,7.2
2017,Georgia,11062.6967,5,Ukraine,8810.170472,7.2
2018,Georgia,11857.12079,5,Ukraine,9536.775015,7.2
2019,Georgia,12708.59333,5,Ukraine,10323.30509,7.2
2020,Georgia,13621.21103,5,Ukraine,11174.70296,7.2
2021,Georgia,14599.36478,5,Ukraine,12096.31849,7.2
2022,Georgia,15647.7608,5,Ukraine,13093.94277,7.2
2023,Georgia,16771.44326,5,Ukraine,14173.8445,7.2
2024,Georgia,17975.81856,5,Ukraine,15342.80937,7.2
2025,Georgia,19266.68135,5,Ukraine,16608.18273,7.2
2026,Georgia,20650.24237,5,Ukraine,17977.9157,7.2
2027,Georgia,22133.15838,5,Ukraine,19460.61518,7.2
2028,Georgia,23722.56419,5,Ukraine,21065.59791,7.2
2029,Georgia,25426.10693,5,Ukraine,22802.94898,7.2
2030,Georgia,27251.9829,5,Ukraine,24683.58527,7.2
2031,Georgia,29208.97697,5,Ukraine,26719.324,7.2
2032,Georgia,31306.50489,5,Ukraine,28922.95697,7.2
2033,Georgia,33554.65853,5,Ukraine,31308.33101,7.2
2034,Georgia,35964.2545,5,Ukraine,33890.43491,7.2
2035,Georgia,38546.88613,5,Ukraine,36685.49365,7.2
2036,Georgia,41314.9793,5,Ukraine,39711.07033,7.2
2037,Georgia,44281.85221,5,Ukraine,42986.17655,7.2
2038,Georgia,47461.77944,5,Ukraine,46531.39185,7.2
2039,Georgia,50870.06064,5,Ukraine,50368.99304,7.2
2040,Georgia,54523.09418,5,Ukraine,54523.09418,7.2
1992,Kazakhstan,7025.308,4.9,Ukraine,6136.614,16.5
1993,Kazakhstan,6588.057,4.9,Ukraine,5368.863,16.5
1994,Kazakhstan,6291.374,4.9,Ukraine,4269.102,16.5
1995,Kazakhstan,5942.645,4.9,Ukraine,3861.047,16.5
1996,Kazakhstan,6158.04,4.9,Ukraine,3577.554,16.5
1997,Kazakhstan,6492.589,4.9,Ukraine,3553.328,16.5
1998,Kazakhstan,6538.606,4.9,Ukraine,3557.193,16.5
1999,Kazakhstan,6842.487,4.9,Ukraine,3635.86,16.5
2000,Kazakhstan,7702.602,4.9,Ukraine,3975.704,16.5
2001,Kazakhstan,8950.427,4.9,Ukraine,4480.447,16.5
2002,Kazakhstan,9967.869,4.9,Ukraine,4834.009,16.5
2003,Kazakhstan,11049.43,4.9,Ukraine,5442.968,16.5
2004,Kazakhstan,12341.171,4.9,Ukraine,6297.662,16.5
2005,Kazakhstan,13841.156,4.9,Ukraine,6750.262,16.5
2006,Kazakhstan,15613.132,4.9,Ukraine,7530.139,16.5
2007,Kazakhstan,17263.376,4.9,Ukraine,8415.153,16.5
2008,Kazakhstan,17937.885,4.9,Ukraine,8816.413,16.5
2009,Kazakhstan,17816.623,4.9,Ukraine,7568.509,16.5
2010,Kazakhstan,19073.506,4.9,Ukraine,7712.059,16.5
2011,Kazakhstan,20625.812,4.9,Ukraine,8327.929,16.5
2012,Kazakhstan,21745.787,4.9,Ukraine,8516.684,16.5
2013,Kazakhstan,23080.866,4.9,Ukraine,9151.217,16.5
2014,Kazakhstan,24108.019,4.9,Ukraine,8242.064,16.5
2015,Kazakhstan,24267.898,4.9,Ukraine,7518.823,16.5
2016,Kazakhstan,27241.25372,4.9,Ukraine,8845.045749,16.5
2017,Kazakhstan,30578.91146,4.9,Ukraine,10405.19697,16.5
2018,Kazakhstan,34325.5063,4.9,Ukraine,12240.53861,16.5
2019,Kazakhstan,38531.1421,4.9,Ukraine,14399.61068,16.5
2020,Kazakhstan,43252.06156,4.9,Ukraine,16939.51504,16.5
2021,Kazakhstan,48551.39835,4.9,Ukraine,19927.42554,16.5
2022,Kazakhstan,54500.02143,4.9,Ukraine,23442.36466,16.5
2023,Kazakhstan,61177.48277,4.9,Ukraine,27577.2934,16.5
2024,Kazakhstan,68673.08121,4.9,Ukraine,32441.56987,16.5
2025,Kazakhstan,77087.0567,4.9,Ukraine,38163.84156,16.5
2026,Kazakhstan,86531.9308,4.9,Ukraine,44895.44768,16.5
2027,Kazakhstan,97134.01144,4.9,Ukraine,52814.4217,16.5
2028,Kazakhstan,109035.0821,4.9,Ukraine,62130.19992,16.5
2029,Kazakhstan,122394.2979,4.9,Ukraine,73089.16046,16.5
2030,Kazakhstan,137390.3138,4.9,Ukraine,85981.13934,16.5
2031,Kazakhstan,154223.6743,4.9,Ukraine,101147.0959,16.5
2032,Kazakhstan,173119.4948,4.9,Ukraine,118988.1303,16.5
2033,Kazakhstan,194330.4724,4.9,Ukraine,139976.0915,16.5
2034,Kazakhstan,218140.2652,4.9,Ukraine,164666.0565,16.5
2035,Kazakhstan,244867.2856,4.9,Ukraine,193711.0107,16.5
2036,Kazakhstan,274868.9588,4.9,Ukraine,227879.1178,16.5
2037,Kazakhstan,308546.5024,4.9,Ukraine,268074.0353,16.5
2038,Kazakhstan,346350.2919,4.9,Ukraine,315358.8143,16.5
2039,Kazakhstan,388785.8841,4.9,Ukraine,370984.0144,16.5
2040,Kazakhstan,436420.7775,4.9,Ukraine,436420.7775,16.5
1992,Kyrgyz Republic,1829.103,4.5,Ukraine,6136.614,3.4
1993,Kyrgyz Republic,1601.939,4.5,Ukraine,5368.863,3.4
1994,Kyrgyz Republic,1306.219,4.5,Ukraine,4269.102,3.4
1995,Kyrgyz Republic,1237.38,4.5,Ukraine,3861.047,3.4
1996,Kyrgyz Republic,1330.38,4.5,Ukraine,3577.554,3.4
1997,Kyrgyz Republic,1464.839,4.5,Ukraine,3553.328,3.4
1998,Kyrgyz Republic,1488.488,4.5,Ukraine,3557.193,3.4
1999,Kyrgyz Republic,1545.131,4.5,Ukraine,3635.86,3.4
2000,Kyrgyz Republic,1649.582,4.5,Ukraine,3975.704,3.4
2001,Kyrgyz Republic,1760.112,4.5,Ukraine,4480.447,3.4
2002,Kyrgyz Republic,1770.635,4.5,Ukraine,4834.009,3.4
2003,Kyrgyz Republic,1909.503,4.5,Ukraine,5442.968,3.4
2004,Kyrgyz Republic,2074.205,4.5,Ukraine,6297.662,3.4
2005,Kyrgyz Republic,2115.64,4.5,Ukraine,6750.262,3.4
2006,Kyrgyz Republic,2223.227,4.5,Ukraine,7530.139,3.4
2007,Kyrgyz Republic,2457.883,4.5,Ukraine,8415.153,3.4
2008,Kyrgyz Republic,2665.926,4.5,Ukraine,8816.413,3.4
2009,Kyrgyz Republic,2728.361,4.5,Ukraine,7568.509,3.4
2010,Kyrgyz Republic,2718.916,4.5,Ukraine,7712.059,3.4
2011,Kyrgyz Republic,2900.981,4.5,Ukraine,8327.929,3.4
2012,Kyrgyz Republic,2870.349,4.5,Ukraine,8516.684,3.4
2013,Kyrgyz Republic,3161.08,4.5,Ukraine,9151.217,3.4
2014,Kyrgyz Republic,3261.863,4.5,Ukraine,8242.064,3.4
2015,Kyrgyz Republic,3362.61,4.5,Ukraine,7518.823,3.4
2016,Kyrgyz Republic,3624.674178,4.5,Ukraine,7848.079623,3.4
2017,Kyrgyz Republic,3907.162262,4.5,Ukraine,8191.754716,3.4
2018,Kyrgyz Republic,4211.665986,4.5,Ukraine,8550.479677,3.4
2019,Kyrgyz Republic,4539.901132,4.5,Ukraine,8924.913556,3.4
2020,Kyrgyz Republic,4893.717203,4.5,Ukraine,9315.744262,3.4
2021,Kyrgyz Republic,5275.107841,4.5,Ukraine,9723.689827,3.4
2022,Kyrgyz Republic,5686.222065,4.5,Ukraine,10149.49973,3.4
2023,Kyrgyz Republic,6129.376374,4.5,Ukraine,10593.95626,3.4
2024,Kyrgyz Republic,6607.067804,4.5,Ukraine,11057.87598,3.4
2025,Kyrgyz Republic,7121.987997,4.5,Ukraine,11542.1112,3.4
2026,Kyrgyz Republic,7677.038369,4.5,Ukraine,12047.55155,3.4
2027,Kyrgyz Republic,8275.346453,4.5,Ukraine,12575.12563,3.4
2028,Kyrgyz Republic,8920.28353,4.5,Ukraine,13125.8027,3.4
2029,Kyrgyz Republic,9615.483619,4.5,Ukraine,13700.59446,3.4
2030,Kyrgyz Republic,10364.86395,4.5,Ukraine,14300.55691,3.4
2031,Kyrgyz Republic,11172.64706,4.5,Ukraine,14926.7923,3.4
2032,Kyrgyz Republic,12043.38454,4.5,Ukraine,15580.45115,3.4
2033,Kyrgyz Republic,12981.98274,4.5,Ukraine,16262.73437,3.4
2034,Kyrgyz Republic,13993.73035,4.5,Ukraine,16974.89543,3.4
2035,Kyrgyz Republic,15084.32826,4.5,Ukraine,17718.24273,3.4
2036,Kyrgyz Republic,16259.92164,4.5,Ukraine,18494.14193,3.4
2037,Kyrgyz Republic,17527.13461,4.5,Ukraine,19304.01852,3.4
2038,Kyrgyz Republic,18893.10751,4.5,Ukraine,20149.36039,3.4
2039,Kyrgyz Republic,20365.53716,4.5,Ukraine,21031.72062,3.4
2040,Kyrgyz Republic,21952.72026,4.5,Ukraine,21952.72026,3.4
1992,Moldova,2229.062,3.8,Ukraine,6136.614,3.2
1993,Moldova,2260.564,3.8,Ukraine,5368.863,3.2
1994,Moldova,1593.495,3.8,Ukraine,4269.102,3.2
1995,Moldova,1605.272,3.8,Ukraine,3861.047,3.2
1996,Moldova,1543.412,3.8,Ukraine,3577.554,3.2
1997,Moldova,1601,3.8,Ukraine,3553.328,3.2
1998,Moldova,1786.353,3.8,Ukraine,3557.193,3.2
1999,Moldova,1755.332,3.8,Ukraine,3635.86,3.2
2000,Moldova,1836.058,3.8,Ukraine,3975.704,3.2
2001,Moldova,1998.15,3.8,Ukraine,4480.447,3.2
2002,Moldova,2191.671,3.8,Ukraine,4834.009,3.2
2003,Moldova,2389.687,3.8,Ukraine,5442.968,3.2
2004,Moldova,2644.164,3.8,Ukraine,6297.662,3.2
2005,Moldova,2939.67,3.8,Ukraine,6750.262,3.2
2006,Moldova,3184.259,3.8,Ukraine,7530.139,3.2
2007,Moldova,3375.283,3.8,Ukraine,8415.153,3.2
2008,Moldova,3719.95,3.8,Ukraine,8816.413,3.2
2009,Moldova,3528.834,3.8,Ukraine,7568.509,3.2
2010,Moldova,3829.429,3.8,Ukraine,7712.059,3.2
2011,Moldova,4178.694,3.8,Ukraine,8327.929,3.2
2012,Moldova,4225.514,3.8,Ukraine,8516.684,3.2
2013,Moldova,4698.127,3.8,Ukraine,9151.217,3.2
2014,Moldova,5006.791,3.8,Ukraine,8242.064,3.2
2015,Moldova,5006.241,3.8,Ukraine,7518.823,3.2
2016,Moldova,5302.528138,3.8,Ukraine,7835.298855,3.2
2017,Moldova,5616.350603,3.8,Ukraine,8165.095541,3.2
2018,Moldova,5948.746196,3.8,Ukraine,8508.773746,3.2
2019,Moldova,6300.814142,3.8,Ukraine,8866.91776,3.2
2020,Moldova,6673.718721,3.8,Ukraine,9240.136465,3.2
2021,Moldova,7068.693118,3.8,Ukraine,9629.064372,3.2
2022,Moldova,7487.043505,3.8,Ukraine,10034.3627,3.2
2023,Moldova,7930.153354,3.8,Ukraine,10456.7205,3.2
2024,Moldova,8399.488019,3.8,Ukraine,10896.85582,3.2
2025,Moldova,8896.599578,3.8,Ukraine,11355.51693,3.2
2026,Moldova,9423.131966,3.8,Ukraine,11833.48362,3.2
2027,Moldova,9980.826413,3.8,Ukraine,12331.56848,3.2
2028,Moldova,10571.5272,3.8,Ukraine,12850.61829,3.2
2029,Moldova,11197.18776,3.8,Ukraine,13391.5155,3.2
2030,Moldova,11859.87713,3.8,Ukraine,13955.1797,3.2
2031,Moldova,12561.78682,3.8,Ukraine,14542.56917,3.2
2032,Moldova,13305.23802,3.8,Ukraine,15154.68253,3.2
2033,Moldova,14092.6893,3.8,Ukraine,15792.56044,3.2
2034,Moldova,14926.74475,3.8,Ukraine,16457.28736,3.2
2035,Moldova,15810.16257,3.8,Ukraine,17149.9934,3.2
2036,Moldova,16745.86419,3.8,Ukraine,17871.85623,3.2
2037,Moldova,17736.94396,3.8,Ukraine,18624.10309,3.2
2038,Moldova,18786.67935,3.8,Ukraine,19408.01288,3.2
2039,Moldova,19898.54182,3.8,Ukraine,20224.91832,3.2
2040,Moldova,21076.20826,3.8,Ukraine,21076.20826,3.2
1992,Russia,11436.728,1.5,Ukraine,6136.614,7.8
1993,Russia,10704.543,1.5,Ukraine,5368.863,7.8
1994,Russia,9537.54,1.5,Ukraine,4269.102,7.8
1995,Russia,9349.847,1.5,Ukraine,3861.047,7.8
1996,Russia,9177.014,1.5,Ukraine,3577.554,7.8
1997,Russia,9495.082,1.5,Ukraine,3553.328,7.8
1998,Russia,9103.551,1.5,Ukraine,3557.193,7.8
1999,Russia,9870.036,1.5,Ukraine,3635.86,7.8
2000,Russia,11154.256,1.5,Ukraine,3975.704,7.8
2001,Russia,12080.112,1.5,Ukraine,4480.447,7.8
2002,Russia,12871.483,1.5,Ukraine,4834.009,7.8
2003,Russia,14154.247,1.5,Ukraine,5442.968,7.8
2004,Russia,15641.296,1.5,Ukraine,6297.662,7.8
2005,Russia,17245.915,1.5,Ukraine,6750.262,7.8
2006,Russia,19279.016,1.5,Ukraine,7530.139,7.8
2007,Russia,21481.307,1.5,Ukraine,8415.153,7.8
2008,Russia,23068.28,1.5,Ukraine,8816.413,7.8
2009,Russia,21410.554,1.5,Ukraine,7568.509,7.8
2010,Russia,22632.373,1.5,Ukraine,7712.059,7.8
2011,Russia,24067.77,1.5,Ukraine,8327.929,7.8
2012,Russia,25317.569,1.5,Ukraine,8516.684,7.8
2013,Russia,25986.826,1.5,Ukraine,9151.217,7.8
2014,Russia,26138.042,1.5,Ukraine,8242.064,7.8
2015,Russia,25410.917,1.5,Ukraine,7518.823,7.8
2016,Russia,26335.33765,1.5,Ukraine,8181.317245,7.8
2017,Russia,27293.38768,1.5,Ukraine,8902.184804,7.8
2018,Russia,28286.2905,1.5,Ukraine,9686.569035,7.8
2019,Russia,29315.314,1.5,Ukraine,10540.06648,7.8
2020,Russia,30381.77223,1.5,Ukraine,11468.76681,7.8
2021,Russia,31487.02701,1.5,Ukraine,12479.29625,7.8
2022,Russia,32632.48973,1.5,Ukraine,13578.86488,7.8
2023,Russia,33819.62308,1.5,Ukraine,14775.31808,7.8
2024,Russia,35049.94302,1.5,Ukraine,16077.19249,7.8
2025,Russia,36325.02062,1.5,Ukraine,17493.7769,7.8
2026,Russia,37646.48411,1.5,Ukraine,19035.1786,7.8
2027,Russia,39016.02096,1.5,Ukraine,20712.3954,7.8
2028,Russia,40435.38002,1.5,Ukraine,22537.39417,7.8
2029,Russia,41906.37377,1.5,Ukraine,24523.19619,7.8
2030,Russia,43430.88063,1.5,Ukraine,26683.97007,7.8
2031,Russia,45010.84733,1.5,Ukraine,29035.13282,7.8
2032,Russia,46648.29145,1.5,Ukraine,31593.45989,7.8
2033,Russia,48345.30395,1.5,Ukraine,34377.20481,7.8
2034,Russia,50104.05185,1.5,Ukraine,37406.22948,7.8
2035,Russia,51926.78104,1.5,Ukraine,40702.14584,7.8
2036,Russia,53815.81907,1.5,Ukraine,44288.4701,7.8
2037,Russia,55773.57818,1.5,Ukraine,48190.79052,7.8
2038,Russia,57802.55837,1.5,Ukraine,52436.94998,7.8
2039,Russia,59905.35058,1.5,Ukraine,57057.24461,7.8
2040,Russia,62084.64001,1.5,Ukraine,62084.64001,7.8
1992,Tajikistan,1311.38,4.5,Ukraine,6136.614,1.5
1993,Tajikistan,1185.626,4.5,Ukraine,5368.863,1.5
1994,Tajikistan,946.075,4.5,Ukraine,4269.102,1.5
1995,Tajikistan,836.028,4.5,Ukraine,3861.047,1.5
1996,Tajikistan,804.503,4.5,Ukraine,3577.554,1.5
1997,Tajikistan,819.725,4.5,Ukraine,3553.328,1.5
1998,Tajikistan,855.479,4.5,Ukraine,3557.193,1.5
1999,Tajikistan,873.042,4.5,Ukraine,3635.86,1.5
2000,Tajikistan,947.94,4.5,Ukraine,3975.704,1.5
2001,Tajikistan,1047.406,4.5,Ukraine,4480.447,1.5
2002,Tajikistan,1136.902,4.5,Ukraine,4834.009,1.5
2003,Tajikistan,1252.157,4.5,Ukraine,5442.968,1.5
2004,Tajikistan,1393.503,4.5,Ukraine,6297.662,1.5
2005,Tajikistan,1503.679,4.5,Ukraine,6750.262,1.5
2006,Tajikistan,1624.686,4.5,Ukraine,7530.139,1.5
2007,Tajikistan,1760.163,4.5,Ukraine,8415.153,1.5
2008,Tajikistan,1894.952,4.5,Ukraine,8816.413,1.5
2009,Tajikistan,1942.759,4.5,Ukraine,7568.509,1.5
2010,Tajikistan,2070.449,4.5,Ukraine,7712.059,1.5
2011,Tajikistan,2216.002,4.5,Ukraine,8327.929,1.5
2012,Tajikistan,2376.185,4.5,Ukraine,8516.684,1.5
2013,Tajikistan,2540.278,4.5,Ukraine,9151.217,1.5
2014,Tajikistan,2698.338,4.5,Ukraine,8242.064,1.5
2015,Tajikistan,2749.403,4.5,Ukraine,7518.823,1.5
2016,Tajikistan,2932.675107,4.5,Ukraine,7703.692755,1.5
2017,Tajikistan,3128.163927,4.5,Ukraine,7893.108011,1.5
2018,Tajikistan,3336.683811,4.5,Ukraine,8087.180533,1.5
2019,Tajikistan,3559.103395,4.5,Ukraine,8286.024831,1.5
2020,Tajikistan,3796.349219,4.5,Ukraine,8489.758232,1.5
2021,Tajikistan,4049.409582,4.5,Ukraine,8698.500946,1.5
2022,Tajikistan,4319.338663,4.5,Ukraine,8912.376141,1.5
2023,Tajikistan,4607.260914,4.5,Ukraine,9131.510012,1.5
2024,Tajikistan,4914.375737,4.5,Ukraine,9356.031857,1.5
2025,Tajikistan,5241.962488,4.5,Ukraine,9586.074154,1.5
2026,Tajikistan,5591.385803,4.5,Ukraine,9821.772637,1.5
2027,Tajikistan,5964.101283,4.5,Ukraine,10063.26638,1.5
2028,Tajikistan,6361.661557,4.5,Ukraine,10310.69787,1.5
2029,Tajikistan,6785.722751,4.5,Ukraine,10564.21311,1.5
2030,Tajikistan,7238.051387,4.5,Ukraine,10823.96167,1.5
2031,Tajikistan,7720.531739,4.5,Ukraine,11090.09683,1.5
2032,Tajikistan,8235.173689,4.5,Ukraine,11362.77561,1.5
2033,Tajikistan,8784.121092,4.5,Ukraine,11642.1589,1.5
2034,Tajikistan,9369.66071,4.5,Ukraine,11928.41156,1.5
2035,Tajikistan,9994.231739,4.5,Ukraine,12221.70248,1.5
2036,Tajikistan,10660.43597,4.5,Ukraine,12522.20472,1.5
2037,Tajikistan,11371.04862,4.5,Ukraine,12830.09558,1.5
2038,Tajikistan,12129.02992,4.5,Ukraine,13145.55674,1.5
2039,Tajikistan,12937.53739,4.5,Ukraine,13468.77433,1.5
2040,Tajikistan,13799.93906,4.5,Ukraine,13799.93906,1.5
1992,Turkmenistan,2991.946,6.5,Ukraine,6136.614,17.3
1993,Turkmenistan,2729.252,6.5,Ukraine,5368.863,17.3
1994,Turkmenistan,2246.824,6.5,Ukraine,4269.102,17.3
1995,Turkmenistan,2081.525,6.5,Ukraine,3861.047,17.3
1996,Turkmenistan,1940.586,6.5,Ukraine,3577.554,17.3
1997,Turkmenistan,1723.193,6.5,Ukraine,3553.328,17.3
1998,Turkmenistan,1833.521,6.5,Ukraine,3557.193,17.3
1999,Turkmenistan,2142.334,6.5,Ukraine,3635.86,17.3
2000,Turkmenistan,2568.323,6.5,Ukraine,3975.704,17.3
2001,Turkmenistan,3127.51,6.5,Ukraine,4480.447,17.3
2002,Turkmenistan,3637.554,6.5,Ukraine,4834.009,17.3
2003,Turkmenistan,4299.604,6.5,Ukraine,5442.968,17.3
2004,Turkmenistan,5014.227,6.5,Ukraine,6297.662,17.3
2005,Turkmenistan,5787.661,6.5,Ukraine,6750.262,17.3
2006,Turkmenistan,6545.631,6.5,Ukraine,7530.139,17.3
2007,Turkmenistan,7375.821,6.5,Ukraine,8415.153,17.3
2008,Turkmenistan,8525.504,6.5,Ukraine,8816.413,17.3
2009,Turkmenistan,9004.622,6.5,Ukraine,7568.509,17.3
2010,Turkmenistan,9825.129,6.5,Ukraine,7712.059,17.3
2011,Turkmenistan,11360.511,6.5,Ukraine,8327.929,17.3
2012,Turkmenistan,12683.759,6.5,Ukraine,8516.684,17.3
2013,Turkmenistan,14022.488,6.5,Ukraine,9151.217,17.3
2014,Turkmenistan,15501.709,6.5,Ukraine,8242.064,17.3
2015,Turkmenistan,16444.54,6.5,Ukraine,7518.823,17.3
2016,Turkmenistan,18876.57884,6.5,Ukraine,8905.253621,17.3
2017,Turkmenistan,21668.30016,6.5,Ukraine,10547.33461,17.3
2018,Turkmenistan,24872.89861,6.5,Ukraine,12492.20652,17.3
2019,Turkmenistan,28551.43602,6.5,Ukraine,14795.70239,17.3
2020,Turkmenistan,32774.0048,6.5,Ukraine,17523.95052,17.3
2021,Turkmenistan,37621.06361,6.5,Ukraine,20755.27298,17.3
2022,Turkmenistan,43184.97041,6.5,Ukraine,24582.43396,17.3
2023,Turkmenistan,49571.74226,6.5,Ukraine,29115.3029,17.3
2024,Turkmenistan,56903.07549,6.5,Ukraine,34484.00854,17.3
2025,Turkmenistan,65318.66447,6.5,Ukraine,40842.6747,17.3
2026,Turkmenistan,74978.86347,6.5,Ukraine,48373.84479,17.3
2027,Turkmenistan,86067.74209,6.5,Ukraine,57293.72224,17.3
2028,Turkmenistan,98796.5926,6.5,Ukraine,67858.37723,17.3
2029,Turkmenistan,113407.956,6.5,Ukraine,80371.09792,17.3
2030,Turkmenistan,130180.2436,6.5,Ukraine,95191.09717,17.3
2031,Turkmenistan,149433.0417,6.5,Ukraine,112743.8248,17.3
2032,Turkmenistan,171533.2014,6.5,Ukraine,133533.1812,17.3
2033,Turkmenistan,196901.8288,6.5,Ukraine,158155.9833,17.3
2034,Turkmenistan,226022.3086,6.5,Ukraine,187319.0981,17.3
2035,Turkmenistan,259449.515,6.5,Ukraine,221859.7348,17.3
2036,Turkmenistan,297820.3845,6.5,Ukraine,262769.4796,17.3
2037,Turkmenistan,341866.052,6.5,Ukraine,311222.7619,17.3
2038,Turkmenistan,392425.7828,6.5,Ukraine,368610.5694,17.3
2039,Turkmenistan,450462.9639,6.5,Ukraine,436580.3807,17.3
2040,Turkmenistan,517083.4606,6.5,Ukraine,517083.4606,17.3
1992,Uzbekistan,1768.668,6,Ukraine,6136.614,6.9
1993,Uzbekistan,1728.388,6,Ukraine,5368.863,6.9
1994,Uzbekistan,1641.101,6,Ukraine,4269.102,6.9
1995,Uzbekistan,1630.446,6,Ukraine,3861.047,6.9
1996,Uzbekistan,1656.257,6,Ukraine,3577.554,6.9
1997,Uzbekistan,1717.52,6,Ukraine,3553.328,6.9
1998,Uzbekistan,1783.762,6,Ukraine,3557.193,6.9
1999,Uzbekistan,1861.889,6,Ukraine,3635.86,6.9
2000,Uzbekistan,1950.823,6,Ukraine,3975.704,6.9
2001,Uzbekistan,2054.1,6,Ukraine,4480.447,6.9
2002,Uzbekistan,2142.545,6,Ukraine,4834.009,6.9
2003,Uzbekistan,2252.426,6,Ukraine,5442.968,6.9
2004,Uzbekistan,2464.709,6,Ukraine,6297.662,6.9
2005,Uzbekistan,2691.878,6,Ukraine,6750.262,6.9
2006,Uzbekistan,2943.423,6,Ukraine,7530.139,6.9
2007,Uzbekistan,3258.945,6,Ukraine,8415.153,6.9
2008,Uzbekistan,3561.289,6,Ukraine,8816.413,6.9
2009,Uzbekistan,3814.293,6,Ukraine,7568.509,6.9
2010,Uzbekistan,4115.578,6,Ukraine,7712.059,6.9
2011,Uzbekistan,4455.383,6,Ukraine,8327.929,6.9
2012,Uzbekistan,4802.915,6,Ukraine,8516.684,6.9
2013,Uzbekistan,5185.398,6,Ukraine,9151.217,6.9
2014,Uzbekistan,5629.941,6,Ukraine,8242.064,6.9
2015,Uzbekistan,6068.447,6,Ukraine,7518.823,6.9
2016,Uzbekistan,6604.99499,6,Ukraine,8113.755164,6.9
2017,Uzbekistan,7188.982422,6,Ukraine,8755.761754,6.9
2018,Uzbekistan,7824.603705,6,Ukraine,9448.567568,6.9
2019,Uzbekistan,8516.424097,6,Ukraine,10196.19213,6.9
2020,Uzbekistan,9269.412502,6,Ukraine,11002.97301,6.9
2021,Uzbekistan,10088.97715,6,Ukraine,11873.591,6.9
2022,Uzbekistan,10981.00445,6,Ukraine,12813.09725,6.9
2023,Uzbekistan,11951.90127,6,Ukraine,13826.94259,6.9
2024,Uzbekistan,13008.64093,6,Ukraine,14921.00915,6.9
2025,Uzbekistan,14158.81331,6,Ukraine,16101.64451,6.9
2026,Uzbekistan,15410.67936,6,Ukraine,17375.69847,6.9
2027,Uzbekistan,16773.23045,6,Ukraine,18750.56284,6.9
2028,Uzbekistan,18256.25289,6,Ukraine,20234.21433,6.9
2029,Uzbekistan,19870.39828,6,Ukraine,21835.26079,6.9
2030,Uzbekistan,21627.26,6,Ukraine,23562.99117,6.9
2031,Uzbekistan,23539.45646,6,Ukraine,25427.42944,6.9
2032,Uzbekistan,25620.72174,6,Ukraine,27439.3927,6.9
2033,Uzbekistan,27886.00423,6,Ukraine,29610.55397,6.9
2034,Uzbekistan,30351.57401,6,Ukraine,31953.5099,6.9
2035,Uzbekistan,33035.13968,6,Ukraine,34481.85387,6.9
2036,Uzbekistan,35955.97556,6,Ukraine,37210.25483,6.9
2037,Uzbekistan,39135.06016,6,Ukraine,40154.54245,6.9
2038,Uzbekistan,42595.2268,6,Ukraine,43331.79889,6.9
2039,Uzbekistan,46361.32763,6,Ukraine,46760.45799,6.9
2040,Uzbekistan,50460.41215,6,Ukraine,50460.41215,6.9
